admissibility,total_explained_variance_ratio
inadmissible,0.04807096776152794
admissible,0.04652342394879542
mixed,0.016977888453501178
unknown,0.003740926932137118
